<?xml version="1.0" encoding="UTF-8"?>
<project-private xmlns="http://www.netbeans.org/ns/project-private/1">
    <editor-bookmarks xmlns="http://www.netbeans.org/ns/editor-bookmarks/2" lastBookmarkId="0"/>
    <open-files xmlns="http://www.netbeans.org/ns/projectui-open-files/2">
        <group>
            <file>file:/Users/Fani/Downloads/BiblioPatrones/src/bibliopatrones/Prestamo.java</file>
            <file>file:/Users/Fani/Downloads/BiblioPatrones/src/Observer/Socio.java</file>
            <file>file:/Users/Fani/Downloads/BiblioPatrones/src/Proxy/ProxyProteccion.java</file>
            <file>file:/Users/Fani/Downloads/BiblioPatrones/src/FactoryMethod_Strategy/Revista.java</file>
            <file>file:/Users/Fani/Downloads/BiblioPatrones/src/bibliopatrones/IzCrearPrestamoDialog.java</file>
            <file>file:/Users/Fani/Downloads/BiblioPatrones/src/DecoratorArray_y_Marker/LibreriaPublicaciones.java</file>
            <file>file:/Users/Fani/Downloads/BiblioPatrones/src/bibliopatrones/Gestion.java</file>
            <file>file:/Users/Fani/Downloads/BiblioPatrones/src/Singleton/Serializa.java</file>
            <file>file:/Users/Fani/Downloads/BiblioPatrones/src/bibliopatrones/Login.java</file>
            <file>file:/Users/Fani/Downloads/BiblioPatrones/src/bibliopatrones/IzCreaSocioDialog.java</file>
            <file>file:/Users/Fani/Downloads/BiblioPatrones/src/bibliopatrones/IzCreaPublicDialog.java</file>
            <file>file:/Users/Fani/Downloads/BiblioPatrones/src/FactoryMethod_Strategy/Publicacion.java</file>
            <file>file:/Users/Fani/Downloads/BiblioPatrones/src/bibliopatrones/IzMostrarPublicDialog.java</file>
            <file>file:/Users/Fani/Downloads/BiblioPatrones/src/FactoryMethod_Strategy/Tesis.java</file>
            <file>file:/Users/Fani/Downloads/BiblioPatrones/src/FactoryMethod_Strategy/Libro.java</file>
        </group>
    </open-files>
</project-private>
