<?xml version="1.0" encoding="UTF-8"?>
<project-private xmlns="http://www.netbeans.org/ns/project-private/1">
    <editor-bookmarks xmlns="http://www.netbeans.org/ns/editor-bookmarks/2" lastBookmarkId="0"/>
    <open-files xmlns="http://www.netbeans.org/ns/projectui-open-files/2">
        <group>
            <file>file:/Users/Fani/Desktop/BiblioPatrones/src/bibliopatrones/IzCreaSocioDialog.java</file>
            <file>file:/Users/Fani/Desktop/BiblioPatrones/src/bibliopatrones/IzCreaPublicDialog.java</file>
            <file>file:/Users/Fani/Desktop/BiblioPatrones/src/Decorator_Iterator/ConjuntoSocios.java</file>
            <file>file:/Users/Fani/Desktop/BiblioPatrones/src/FactoryMethod_Strategy/Publicacion.java</file>
            <file>file:/Users/Fani/Desktop/BiblioPatrones/src/Decorator_Iterator/LibreriaPublicaciones.java</file>
            <file>file:/Users/Fani/Desktop/BiblioPatrones/src/bibliopatrones/IzMostrarPublicDialog.java</file>
            <file>file:/Users/Fani/Desktop/BiblioPatrones/Tickets/2.txt</file>
            <file>file:/Users/Fani/Desktop/BiblioPatrones/src/Command/CommandInterfaz.java</file>
            <file>file:/Users/Fani/Desktop/BiblioPatrones/src/bibliopatrones/IzCrearPrestamoDialog.java</file>
            <file>file:/Users/Fani/Desktop/BiblioPatrones/src/Command/CommandPrestamoIntz.java</file>
            <file>file:/Users/Fani/Desktop/BiblioPatrones/Tickets/12.txt</file>
            <file>file:/Users/Fani/Desktop/BiblioPatrones/src/Command/CommandPublicIntz.java</file>
            <file>file:/Users/Fani/Desktop/BiblioPatrones/src/bibliopatrones/Login.java</file>
        </group>
    </open-files>
</project-private>
