<?xml version="1.0" encoding="UTF-8"?>
<project-private xmlns="http://www.netbeans.org/ns/project-private/1">
    <editor-bookmarks xmlns="http://www.netbeans.org/ns/editor-bookmarks/1"/>
    <editor-bookmarks xmlns="http://www.netbeans.org/ns/editor-bookmarks/2" lastBookmarkId="0"/>
    <open-files xmlns="http://www.netbeans.org/ns/projectui-open-files/2">
        <group>
            <file>file:/Users/doverride/Dropbox/Universidad%20ONLYME/Cuarto/Patrones%20del%20Software/Lab/PRACTICA%20FINAL/src/Biblioteca/Usuario.java</file>
            <file>file:/Users/doverride/Dropbox/Universidad%20ONLYME/Cuarto/Patrones%20del%20Software/Lab/PRACTICA%20FINAL/src/Biblioteca/Socios.java</file>
        </group>
    </open-files>
</project-private>
